PepSeq,PepSeqDB,Bioactivity
CNEIKVQKTFLSQQLRMIR,IKVQKTFLSQQL,AMP
CYSVLDHRFDDYAKQIVCDCGG,HRFDDYAKQ,AMP
DIKVLCLLWMGNLADPEPHIVTLNA,LLWMGNLADPEPHIV,AMP
DQCSMRQTSGNLMNWTNIMRRMHEDQWNV,LMNWTNIM,AMP
DRPGNSTGVVHVIMFYECQRLTIQEVNYYVM,VVHVIMFYECQRL,AMP
ECLVVGAPMPAHDGDPISGVCARDWY,GAPMPAHDGDPISG,AMP
HCNEAGYDYYGEGERWELMVMKCKAGDWTVCGA,EGERWELMVMKC,AMP
HLRENPEPGRNYQTSYPLALVEQEWQTR,RENPEPGRNYQTSYPLAL,AMP
HSKTEKHCVDNQCMPQEEPHYVIMVRCWHGSGDMK,QCMPQEEPHYVIMV,AMP
ILLKEVGFPMVWKLFYAPCIS,FPMVWKLFYAPC,AMP
LCPRIQWAGAFIMKYNDFCDKHTM,WAGAFIMK,AMP
LMKGKDWHGAHADFPAQRKRNEEGNLGT,KDWHGAHADFPAQRKRN,AMP
MCHKPWGWTFCCCMVMPEYLIGLR,KPWGWTFCCCM,AMP
MDVGYLKEWSDVATWHKYHYSYQ,YLKEWSDVATWHKYHYS,AMP
NIGKMAFQHWWLMFRWGLGRAFPACLKP,FQHWWLMFRWG,AMP
RRPRPFMTRKNKMAQIWEKWRYCYVLWQ,NKMAQIWEKWRYCY,AMP
VQCMGETQQAITKPYSLVRFHNVRC,QQAITKPYSL,AMP
YEGVSWTTEQMDFLIPTKQGAQGTT,EQMDFLIPTKQ,AMP
YVDQHFFHGGVFSMDHITDIFFMYMRVNN,QHFFHGGVFSMDHITDI,AMP
YYSDQLIHRQNMAQVMWYYM,SDQLIHRQNMAQ,AMP
